"package","downloads"
"jsdom","9816772"
"node-gyp","8641635"
"node-sass","8465637"
"less","3829789"
"npm","3696486"
"phantomjs-prebuilt","2322747"
"google-auto-auth","2148650"
"npm-registry-client","1969589"
"webdriver-manager","1787963"
"gcs-resumable-upload","1173820"
"loggly","927305"
"hipchat-notifier","835173"
"coveralls","792233"
"node-facebook","690070"
"chromedriver","634271"
"webdriverio","622236"
"codecov","559439"
"cypress","530450"
"nugget","495465"
"cordova-lib","483981"
"node-geocoder","473958"
"insight","450571"
"request-image-size","440801"
"deathbycaptcha","432004"
"domotz-request-retry","431532"
"gatsby","431495"
"deathbycaptcha2","431299"
"selenium-standalone","424801"
"web-resource-inliner","386474"
"twilio","383285"
"ethereum-rpc-promise","371962"
"sqlite3","353970"
"universal-analytics","350821"
"wd","330078"
"azure-storage","275709"
"nativescript","265033"
"graphql-code-generator","258203"
"probe-image-size","256830"
"firebase-tools","223075"
"jwks-rsa","206985"
"soap","200211"
"wait-on","198892"
"passport-azure-ad","192333"
"get-pixels","187626"
"json-server","186053"
"xdl","179110"
"ms-rest","154953"
"nano","150149"
"cloudant-follow","147899"
"bower-registry-client","145100"
"ngrok","143354"
"mksnapshot","137135"
"servify","132663"
"appium-base-driver","131372"
"jsforce","127924"
"ms-rest-azure","120950"
"jspm","114128"
"jspm-github","111848"
"jspm-npm","110443"
"adal-node","110035"
"bugsnag","106885"
"web3-provider-engine","105067"
"htmlhint","104337"
"pxt-core","103521"
"spectron","103409"
"wdio-sauce-service","103092"
"composer-runtime","101989"
"strong-remoting","98521"
"express-request-proxy","97231"
"appium-support","93092"
"bugsnag-sourcemaps","92775"
"auth0","86678"
"retire","84779"
"gapitoken","84728"
"graphql-cli","84020"
"node-gcm","81806"
"node-loggly-bulk","80654"
"jira-connector","79449"
"appium-xcuitest-driver","76422"
"intercom-client","72467"
"vue-cli","71843"
"ldclient-node","71811"
"appium-chromedriver","70241"
"appium-ios-driver","69064"
"azure-common","68815"
"request-etag","68603"
"google-url","67433"
"appium-remote-debugger","66788"
"cldr-data-downloader","66748"
"node-telegram-bot-api","66534"
"unirest","65607"
"appium-uiautomator2-driver","65212"
"appium-espresso-driver","64086"
"binwrap","63088"
"binaris","63049"
"codacy-coverage","62625"
"twitter","60892"
"appium","60260"
"rollbar-sourcemap-webpack-plugin","58046"
"vscode","56958"
"node-base64-image","56781"
"squeezer-cli","55836"
"docsearch.js","54708"
"metro-bundler","54224"
"pngjs-image","52873"
"mailchimp-api-v3","52174"
"wct-sauce","48558"
"kubernetes-client","46630"
"fb","46051"
"pkg-fetch","45760"
"postmark","45408"
"watson-developer-cloud","45315"
"ssl-root-cas","44620"
"pusher","44089"
"logzio-nodejs","43276"
"machinepack-http","43221"
"node-red-node-twitter","43023"
"fuse-box","42416"
"node-red-node-feedparser","40717"
"mwp-api-proxy-plugin","39801"
"node-red","39757"
"google-spreadsheet","39177"
"gulp-remote-src-vscode","39134"
"screwdriver-api","39126"
"yui","38313"
"co-request","37822"
"artillery","37457"
"percy-client","37277"
"polymer-cli","36668"
"branch-sdk","36640"
"node-xmpp-client","36007"
"zombie","35851"
"node-vault","35782"
"solr-client","35757"
"composer-runtime-hlfv1","35255"
"twit","35195"
"nativescript-dev-webpack","35059"
"follow","35059"
"mongodb-download","34427"
"go-npm","34339"
"webpack-sentry-plugin","34163"
"awesome-qr","33732"
"gcloud","32620"
"travis-ci","32592"
"gitbook","32558"
"airtable","32328"
"testable-utils","32282"
"passport-auth0","31977"
"node-slack","31555"
"fbgraph","31407"
"slack-notify","30993"
"prerender-node","30226"
"graphite","30026"
"cloudant-nano","30010"
"wdio-browserstack-service","29944"
"botkit","29891"
"pkgcloud","29021"
"cordova-coho","28743"
"node-etcd","28412"
"realm","28396"
"uncss","28173"
"surge","28117"
"asset-resolver","28102"
"postcss-image-inliner","27982"
"video-utils","27908"
"splunk-logging","27878"
"sign-addon","27437"
"platformio-node-helpers","27166"
"google-oauth2-node","26831"
"testcafe-browser-provider-browserstack","26290"
"iobroker.admin","26243"
"node-ninja","26142"
"openid","25923"
"passport-openidconnect","25390"
"octonode","25305"
"nodeclient-spectre","25268"
"polyfill-service","25260"
"elasticdump","24905"
"botkit-studio-sdk","24510"
"strong-soap","24425"
"request-json","23616"
"athom-api","22967"
"codecov.io","22931"
"ibm_db","22917"
"azure","22440"
"le-acme-core","22253"
"jsonld","22056"
"shadowsocks-manager","22019"
"wdio-sumologic-reporter","21961"
"abacus-request","21894"
"sparkpost","21790"
"canduit","21482"
"hellosign-sdk","21463"
"node-zendesk","21012"
"nexmo","20738"
"google-oauth-jwt","20524"
"plaid","20325"
"getstream","20262"
"all-contributors-cli","20234"
"box-node-sdk","20198"
"appcenter-cli","19793"
"docusaurus","19575"
"selenium-download","19566"
"gulp-download","19400"
"couchbase","19150"
"datalib","18927"
"crowdin-cli","18484"
"install-peerdeps","18460"
"mana","18443"
"phonegap-build-api","18361"
"get-down","18100"
"jsdom-no-contextify","18082"
"ibmapm-restclient","17981"
"bitly","17892"
"salesforce-alm","17880"
"eyes.sdk","17747"
"saucelabs-connector","17568"
"orientjs","17255"
"dugite","17056"
"testrail-api","16995"
"xolvio-ddp","16933"
"auditjs","16883"
"loopback-connector-rest","16863"
"ngx-i18nsupport","16852"
"html-validator","16846"
"composer-runtime-embedded","16568"
"chakram","16422"
"dispensary","15961"
"phonegap","15821"
"verdaccio","15776"
"huge-play","15669"
"hubspot","15609"
"transifex","15441"
"dredd","15312"
"azure-cli","15275"
"testcafe-browser-provider-saucelabs","15167"
"iedriver","14887"
"verdaccio-audit","14706"
"chimp","14393"
"gulp-remote-src","14324"
"googlemaps","14310"
"airbrake","14180"
"opentok","14144"
"generator-loopback","14121"
"markdown-to-html","13941"
"fastboot-express-middleware","13799"
"office-addin-validator","13753"
"in-app-purchase","13741"
"node-ses","13693"
"binstall","13649"
"connect-phonegap","13548"
"gitlab","13496"
"soajs","13374"
"composer-runtime-pouchdb","13373"
"logdna","13201"
"composer-playground-api","13033"
"thing-it-node","12891"
"node-red-contrib-slack","12875"
"asciify-image","12777"
"mailchimp","12628"
"node-adwords","12546"
"nforce","12437"
"edgegrid","12374"
"semantic-release-cli","12283"
"geocoder","12271"
"traverson","11982"
"recaptcha2","11931"
"ably","11903"
"gulp-base64","11887"
"cloudscraper","11879"
"node-linkedin","11828"
"apify","11781"
"bs-html-injector","11651"
"node-mandrill","11511"
"iqy-web-crawler","11433"
"strapi","11350"
"tabletop","11336"
"fuel-auth","11300"
"sauce-tunnel","11243"
"pouchdb-ajax","11208"
"google-translate","11200"
"url-exists","11087"
"koa-request","11074"
"cradle","11061"
"cmake-js","10930"
"alasql","10773"
"eureka-js-client","10744"
"grunt-curl","10577"
"laravel-echo-server","10379"
"protractor-testrail-promise","10213"
"fastly","10113"
"youtube-info","10103"
"rendertron-middleware","10000"
"artillery-core","9914"
"microservicebus-core","9856"
"contentful-export","9702"
"api-spec-converter","9486"
"node-insights","9386"
"authy","9359"
"request-rate-limiter","9356"
"fuel-soap","9351"
"picture-tube","9343"
"k8s","9252"
"targaryen","9193"
"blessed-contrib","9040"
"browser-perf","9031"
"apify-client","8834"
"grunt-http","8720"
"oav","8667"
"eth-gas-reporter","8572"
"images","8496"
"sactive-bot","8361"
"sfdx-cli","8326"
"youtube-dl","8246"
"bitfinex-api-node","8241"
"ossindexjs","8230"
"hubot-grafana","8226"
"akismet","8135"
"swarm-api","8134"
"honeybadger","8114"
"plivo","8098"
"iobroker.js-controller","8090"
"edit-google-spreadsheet","8064"
"node-slackr","8050"
"blank-node-worker","8033"
"gulp-css-base64","8017"
"swagger-stats","7967"
"flashheart","7953"
"node-salesforce","7942"
"progressive-web-sdk","7934"
"nets","7928"
"whitesource","7828"
"taxjar","7827"
"strong-mesh-models","7818"
"optimizely-server-sdk","7815"
"yellow-udp-flood","7726"
"nsqjs","7699"
"iobroker.web","7676"
"dolphin","7600"
"dropbox-v2-api","7597"
"voicelabs-assistant-sdk","7530"
"node-trello","7513"
"locize-cli","7493"
"curl","7363"
"script-manager","7211"
"ical","7199"
"cognito-express","7156"
"json-schema-generator","7148"
"node-red-node-watson","7133"
"node-sp-auth","7118"
"nw-gyp","7094"
"node-quickbooks","6998"
"slackbots","6968"
"iron_core","6967"
"kraken","6955"
"iplocation","6910"
"media-platform-js-sdk","6898"
"asana","6872"
"node-red-bluemix-nodes","6854"
"hippie","6814"
"grunt-idra3","6799"
"image-downloader","6748"
"authorizenet","6727"
"embark","6692"
"check-pages","6683"
"gulp-download-stream","6653"
"customerio-node","6630"
"open-graph-scraper","6624"
"loopback-bluemix","6545"
"node-red-contrib-chatbot","6541"
"lob","6508"
"fusion-cli","6349"
"gdax","6228"
"createsend-node","6221"
"ampersand-sync","6172"
"dyson","6119"
"ut-tools","6109"
"node-red-contrib-facebook-messenger-writer","6077"
"codefresh","6063"
"matrix-js-sdk","6052"
"node-twitter-api","6036"
"nrm","6014"
"screener-runner","5981"
"apify-shared","5937"
"grunt-retire","5926"
"fuzzy-rotary-phone","5899"
"octopus-deploy","5887"
"zosconnect-node","5885"
"screener-storybook","5840"
"pull-fetch-iso","5824"
"unleash-client","5773"
"pinejs-client","5716"
"iobroker.socketio","5661"
"http-agent","5643"
"publish-release","5618"
"github-releases","5616"
"graphql_ppx","5609"
"html-to-json","5584"
"formio","5544"
"goo.gl","5533"
"dwdav","5511"
"crowdin-api","5436"
"medic-conf","5363"
"google-distance","5355"
"go-ipfs-dep","5350"
"browserchannel","5348"
"github-download","5347"
"winston-uber","5338"
"onesignal-node","5334"
"apostrophe","5328"
"nw-builder","5309"
"proui-utils","5307"
"node-wit","5230"
"node-red-contrib-wwsNodes","5220"
"techubank-api","5195"
"passport-outlook","5186"
"ffan-scripts","5146"
"bower-art-resolver","5142"
"reg-notify-github-plugin","5138"
"promise-request-retry","5129"
"omni-common-ui","5058"
"intercom.io","5038"
"elm-analyse","5017"
"testcafe-reporter-html-testrail","5012"
"ext-ip","4982"
"node-red-node-openweathermap","4959"
"ask-cli","4929"
"kickbox","4912"
"cloudconvert","4908"
"arrow","4895"
"koa-forward-request","4866"
"libesvm","4859"
"generator-code","4855"
"cbt_tunnels","4841"
"node-mock-server","4836"
"cf-client","4823"
"balena-cli","4793"
"preq","4776"
"soajs.core.drivers","4767"
"datocms-client","4752"
"fastboot-app-server","4724"
"google","4707"
"soajs.core.modules","4690"
"soajs.urac.driver","4627"
"kinvey-flex-sdk","4616"
"json-schema-deref","4616"
"optics-agent","4612"
"node-red-admin","4612"
"github-releases-ms","4585"
"web-request","4580"
"gif-search","4561"
"apickli","4551"
"snowflake-sdk","4532"
"galenframework","4509"
"notifications-node-client","4479"
"ari-client","4441"
"nylas","4428"
"premailer-api","4419"
"jenkins-api","4418"
"hipchat-room-notification-api","4377"
"bunyan-sumologic","4375"
"weex-debugger","4360"
"fepper","4357"
"cos-nodejs-sdk-v5","4332"
"oad","4330"
"logsene-js","4323"
"akamai-http-api","4318"
"botframework-connector","4318"
"grunt-sauce-connect-launcher","4300"
"cloudcms-server","4285"
"manifoldjs-lib","4283"
"mongodb-download-url","4275"
"manifoldjs-firefox","4240"
"pagerduty","4234"
"manifoldjs-edgeextension","4234"
"manifoldjs-windows10","4233"
"jira","4210"
"woocommerce-api","4199"
"yyl","4146"
"loopback-connector-couchdb2","4124"
"downcache","4101"
"iobroker.backitup","4093"
"mt-downloader","4093"
"bespoken-tools","4085"
"machinepack-mandrill","4077"
"node-red-contrib-wws","4054"
"get-css","4051"
"iobroker.cloud","4049"
"amazon-product-api","4030"
"wepy-cli","4010"
"node-ntlm-client","3986"
"cronofy","3978"
"facebook-nodejs-business-sdk","3973"
"node-binance-api","3957"
"jsreport-xlsx","3956"
"bunyan-slack","3950"
"oas","3946"
"NeteaseCloudMusicApi","3925"
"electron-google-analytics","3918"
"highcharts-export-server","3912"
"ibmcloud-appid","3874"
"ln-service","3866"
"circleci","3864"
"flyio","3841"
"feedparser-promised","3828"
"slumber","3804"
"google-play-scraper","3785"
"tumblr.js","3760"
"atomic-reactor-cli","3716"
"razorpay","3703"
"ghsign","3701"
"arrow-admin-api","3693"
"rdme","3684"
"geckoboard","3676"
"transloadit","3674"
"weather-js","3668"
"sp-request","3667"
"chrome-web-store-item-property","3665"
"aws-cdk","3661"
"zendesk-node-api","3657"
"snowplow-tracker","3641"
"github-current-user","3632"
"gulp-sentry-release","3627"
"aftership","3625"
"bitcoin-core","3622"
"crawler","3618"
"node-red-contrib-wirenboard","3591"
"coralogix-logger","3570"
"jsreport-client","3538"
"swagger-mock-validator","3535"
"good-guy-http","3534"
"hint","3531"
"fullcontact","3530"
"nodebb-plugin-imgur","3529"
"homebridge-config-ui-x","3516"
"predix-uaa-client","3512"
"grunt-image-embed","3509"
"apiconnect-collective-controller-api","3506"
"protractor-http-client","3502"
"phantomjs2","3488"
"anyproxy","3481"
"buckyos","3460"
"ionic-app-lib","3455"
"litmus-api","3449"
"pretty-mini-json","3441"
"instagram-private-api","3431"
"jsreport-html-to-xlsx","3413"
"branch-cordova-sdk","3407"
"blockstack","3403"
"elasticio-node","3392"
"chef-api","3390"
"batchelor","3388"
"node-modules","3375"
"megajs","3370"
"serenity-cli","3337"
"gulp-json-schema","3315"
"node-ical","3307"
"jsreport-licensing","3303"
"image-data-uri","3302"
"facebook-chat-api","3292"
"jsreport-authentication","3287"
"gulp-litmus","3287"
"node-slack-upload","3270"
"license-report","3269"
"coinbase","3268"
"screwdriver-queue-worker","3262"
"pushbullet","3241"
"activecampaign","3228"
"diffbot","3194"
"scaleapi","3176"
"splunk-sdk","3174"
"fh-mbaas-client","3163"
"loopback-connector-soap","3157"
"graphql-tester","3156"
"iobroker.javascript","3155"
"qunit-harness","3155"
"hostmeta","3154"
"github-commit-stream","3151"
"node-readability","3143"
"release","3141"
"node-red-contrib-watson-machine-learning","3118"
"kasha","3105"
"openode","3094"
"stanza.io","3090"
"binance","3090"
"async-request","3048"
"smartface","3046"
"vsts-device-flow-auth","3038"
"node-http-proxy","3027"
"gnip","3025"
"mailosaur","3018"
"node-red-contrib-ibmpush","3006"
"wait-for-package-replication","3005"
"chimpy","3002"
"rascal","2993"
"testswarm","2990"
"iobroker.hm-rega","2979"
"pusher-client","2965"
"firebase-messaging","2965"
"generator-swiftserver","2960"
"mendixmodelsdk","2956"
"square-connect-api","2945"
"apigeetool","2944"
"google-distance-matrix","2936"
"karma-firework-reporter","2934"
"neo4j","2927"
"scirichon-crud-handler","2927"
"tldextract","2911"
"ddp","2899"
"bbmailer-nodejs","2889"
"ember-cli-deploy-bugsnag","2888"
"get-pixels-jpeg-js-upgrade","2885"
"ethrpc","2885"
"thsq","2870"
"genderize","2867"
"iobroker.ical","2848"
"i18next-node-locize-backend","2843"
"edgedriver","2838"
"remote-file-size","2830"
"bower-nexus3-resolver","2824"
"node-red-contrib-objectstore","2822"
"couchapp","2817"
"whistle.nohost","2808"
"node-clickhouze","2807"
"webhdfs","2790"
"vtex","2787"
"derby-webdriverio","2781"
"fitbit-node","2777"
"weather-graphql","2755"
"inliner","2748"
"rc-tools","2729"
"go-ipfs","2729"
"openapi-diff","2717"
"shipit","2713"
"bot-express","2713"
"version","2709"
"cozy-konnector-libs","2688"
"webdriver","2682"
"wdio-testingbot-service","2680"
"egnyte-js-sdk","2680"
"vcr.js","2679"
"passport-google-id-token","2669"
"node-apple-receipt-verify","2636"
"grunt-patch-wordpress","2631"
"webpack-bugsnag-plugin","2625"
"screener-ngrok","2616"
"particle-cli","2609"
"ex-drivers","2609"
"atlassian-connect-express","2608"
"voucherify","2606"
"yandex-translate","2599"
"octocat","2588"
"podchat","2588"
"docker-progress","2587"
"atlassian-oauth2","2579"
"intelligo","2578"
"node-upyun-sdk","2570"
"open-graph","2569"
"we-core","2560"
"yaspeller","2554"
"ember-cli-deploy-github-deployment-status","2538"
"clockwork","2538"
"swagger-ts-client","2535"
"botbuilder-ai","2524"
"marathon-node","2523"
"idyll","2521"
"imgur","2520"
"testarmada-nightwatch-extra","2519"
"tr-O64","2506"
"fuel-rest","2496"
"salesforce-oauth2","2492"
"slack-bot","2491"
"rabbitmq-stats","2476"
"spincycle","2464"
"node-red-node-google","2459"
"mdlint","2447"
"express-remote-handlebars","2446"
"qcloudapi-sdk","2441"
"node-bitlyapi","2439"
"weaver-sdk","2431"
"refresh-token","2414"
"api-base-hvail","2390"
"bitbucket-server-nodejs","2387"
"ascii-art","2386"
"libprofitbricks","2385"
"datafire","2366"
"jira-changelog","2365"
"logs-to-sumologic","2362"
"profitbricks-cli","2358"
"testcafe-browser-provider-crossbrowsertesting","2358"
"predix-fast-token","2357"
"ember-cli-deploy-webhooks","2346"
"reconnect","2340"
"link-check","2331"
"ajv-inspector","2330"
"lighting","2326"
"teslajs","2326"
"zencoder","2312"
"node-bittrex-api","2302"
"cheerio-httpcli","2300"
"heap-api","2300"
"paymentrails","2288"
"google-it","2280"
"css-purge","2279"
"receiveodigomessage","2274"
"strong-mesh-client","2272"
"star2star-js-ms-sdk","2261"
"tws-auth","2261"
"node-google-timezone","2255"
"rapidapi-connect","2255"
"xtoolkit","2254"
"genesys-provisioning-client-js","2254"
"resin-bundle-resolve","2244"
"snyk-broker","2243"
"happner-2","2235"
"github-comment-manager","2229"
"bosco","2225"
"sm-utils","2225"
"gh-release-assets","2221"
"oas-raml-converter","2220"
"node-bandwidth","2214"
"igdb-api-node","2209"
"cloudflare4","2189"
"truffle-box","2187"
"youtube-node","2185"
"mongodb-download-https","2184"
"production","2174"
"rally","2170"
"feed-read","2166"
"rss-to-json","2161"
"easy-ffmpeg","2147"
"signalfx","2146"
"homebridge-hue","2141"
"i18next-node-remote-backend","2137"
"slack-winston","2135"
"generator-ibm-java","2129"
"strong-arc","2118"
"crowdin","2116"
"nativescript-starter-kits","2116"
"gekko-bittrex","2113"
"sitemapper","2108"
"mwbot","2103"
"graphql-docs","2094"
"node-fakeweb","2092"
"stylestats","2084"
"testingbot-api","2081"
"nodefly-register","2078"
"monaca-lib","2075"
"weex-previewer","2072"
"advanced-seo-checker","2072"
"node-bing-api","2067"
"sequelize-graphql-schema","2061"
"node-opensignal-api","2050"
"uploadfs","2033"
"ws.js","2019"
"bfx-api-node-rest","2011"
"couch-login","2001"
"oembetter","1999"
"bch-cli-wallet","1991"
"chartmogul-node","1991"
"adalong-db-cloudfn-api","1990"
"netatmo","1990"
"iobroker.daswetter","1987"
"bithound","1986"
"node-pngcrush","1980"
"node-pngquant-native","1973"
"daskeyboard-applet","1971"
"homebridge-lib","1956"
"azure-ad-jwt","1953"
"do-wrapper","1950"
"cliniko","1947"
"node-couchdb","1946"
"amazon-payments","1945"
"fullstory","1943"
"available-versions","1934"
"nuclide","1920"
"grunt-couch","1910"
"reg-notify-slack-plugin","1910"
"gh-release","1909"
"markdown-link-check","1905"
"ya-driver","1901"
"citgm","1894"
"apim-ui","1892"
"unifiedpush-node-sender","1882"
"marketo-rest-api","1879"
"nat-upnp","1876"
"historia-pojazdu","1870"
"request-promise-json","1868"
"windshaft","1865"
"fh-reportingclient","1854"
"fh-mbaas-express","1852"
"express-stormpath","1848"
"apiconnect-apim-client","1835"
"node-red-contrib-media-utils","1832"
"timeline-state-resolver","1831"
"ethstats-cli","1825"
"braid-client","1825"
"toxiproxy-node-client","1822"
"gitana","1820"
"botkit-studio-metrics","1818"
"imageurl-base64","1813"
"elm-github-install","1811"
"forge-apis","1807"
"pushwoosh-client","1803"
"recime-bot-extension","1802"
"hvn","1791"
"sl-js-infra","1790"
"node-wget","1771"
"homebridge-people","1766"
"microgateway","1764"
"odin-pdf-creator","1757"
"jsql-node-plugin","1755"
"tldr","1755"
"skpm","1753"
"mura.js","1749"
"atatus-node","1747"
"macaca-wd","1741"
"line-socket","1741"
"ibm-openapi-support","1739"
"graylog-api","1735"
"fis-command-install","1731"
"node-red-contrib-ifttt","1730"
"read-torrent","1728"
"soajs.dashboard","1725"
"domeconect","1724"
"sonos","1721"
"apiconnect-collective-jmx","1718"
"steamcommunity","1713"
"tapc-plugin-publish","1699"
"generator-ibm-usecase-enablement","1694"
"apiconnect-cli-pm","1688"
"machinomy","1688"
"pokitdok-nodejs","1684"
"apiconnect-cli-create","1679"
"ytdl-getinfo","1673"
"mehdown","1673"
"mason-js-sdk","1672"
"tcb-admin-node","1671"
"grunt-mocha-cov","1670"
"ignite","1664"
"homebridge-hue-utils","1664"
"voice-insights-sdk","1657"
"rainbow-node-sdk","1656"
"shane-sfdx-plugins","1648"
"app-store-scraper","1645"
"zealder-cms","1643"
"defer-request","1640"
"iobroker.xbox","1640"
"node-red-node-box","1639"
"aulaaprende","1639"
"node-red-contrib-huemagic","1637"
"weexpack","1634"
"vscode-azureappservice","1628"
"gulp-hockeyapp","1628"
"mandrill","1627"
"yql","1627"
"we-plugin-auth","1625"
"resin-cli","1619"
"node-branch-io","1618"
"favicon","1614"
"keycloak-admin-client","1611"
"tencentcloud-sdk-nodejs","1606"
"node-red-contrib-light-scheduler","1601"
"node-vault-client","1600"
"usps-webtools","1591"
"sqs","1591"
"loopback-connector-cloudant","1588"
"streaming-s3","1587"
"dyson-image","1585"
"openfin-launcher","1583"
"resilient","1582"
"happner","1580"
"openpay","1580"
"atom-package-manager","1579"
"bdt105toolbox","1578"
"mercadopago","1578"
"paradox-app","1578"
"aws-region-table-parser","1576"
"pagetojson","1572"
"query-overpass","1568"
"apiconnect-mgmt-lite-datapower","1567"
"poloniex-api-node","1567"
"stormpath","1567"
"prequest","1559"
"cordova-plugin-mfp","1549"
"techubank-commons","1544"
"load-phraseapp-translations","1541"
"pingdom-api","1540"
"node-zillow","1538"
"larvitdbmigration","1534"
"hangupsjs","1533"
"selenium-drivers","1532"
"paradox-utils","1528"
"freshdesk-api","1527"
"wi-export-test","1526"
"feedr","1525"
"fh-mbaas-api","1525"
"fb-test-users","1524"
"nem-sdk","1523"
"td","1516"
"swagger-node-client","1514"
"generator-nitro","1513"
"butter-provider-anime","1512"
"butter-provider-movies","1509"
"origami-build-tools","1508"
"cpasbien-api","1505"
"smartsheet","1503"
"slapp","1499"
"fis-repo-client","1499"
"remotedebug-ios-webkit-adapter","1490"
"node-outlook","1488"
"reg-notify-gitlab-plugin","1482"
"headless-chrome-crawler","1481"
"close.io","1481"
"appversion","1481"
"instagram-screen-scrape","1471"
"anypoint-cli","1466"
"address-validator","1464"
"drip-nodejs","1464"
"node-where","1463"
"oxygen-cli","1460"
"dependencies","1459"
"oriento","1454"
"jsdom-nogyp","1453"
"apimstacker-client","1452"
"sfdx-mohanc-plugins","1451"
"yield-siftscience","1444"
"node-ews","1434"
"ionic-cordova-lib","1433"
"minimed-connect-to-nightscout","1433"
"ripple-emulator","1432"
"make","1431"
"simplified-circulation-web","1423"
"bench-rest","1423"
"avo","1423"
"giphy","1420"
"homebridge-platform-insteonlocal","1419"
"sphere-node-sdk","1415"
"grunt-html-validation","1411"
"express-resize-img","1411"
"wsdlrdr","1411"
"mws-sdk-promises","1410"
"espruino","1405"
"screwdriver-template-main","1405"
"omneedia","1399"
"npm_cache_share","1398"
"node-red-contrib-alexa-home-skill","1397"
"edgemicro","1392"
"poloniex.js","1390"
"sitemap-stream-parser","1386"
"subrequests","1381"
"easysoap","1381"
"grunt-css-url-embed","1380"
"insight-api","1380"
"html5-lint","1376"
"behavepro","1376"
"appcelerator","1375"
"coralogix","1368"
"empujar","1363"
"request-x-ray","1357"
"fritzapi","1353"
"syd-meituan","1349"
"moip-sdk-node","1348"
"tmi.js","1347"
"node-prowl","1347"
"webkitgtk","1347"
"chatdown","1346"
"prince","1344"
"jwebdriver","1343"
"documentjs-github-download","1341"
"testarmada-magellan","1330"
"iobroker.feiertage","1330"
"npm-remote-ls","1328"
"telesignsdk","1326"
"data-point","1323"
"udacimak","1320"
"livingdocs-manager","1318"
"kissmetrics","1313"
"desk.js","1313"
"quadrigacx","1312"
"node.bittrex.api","1308"
"sendotp","1307"
"alks","1305"
"urls-checker","1293"
"cypress-cli","1288"
"winston-slack-hook","1282"
"node-webhooks","1278"
"stackify-logger","1276"
"slack-robot","1275"
"duniter","1273"
"sl-node2","1271"
"gulp-phraseapp","1269"
"cexio-api-node","1266"
"ncu","1262"
"bluemix-secure-gateway","1260"
"iobroker.dwd","1259"
"node-kubernetes-client","1258"
"botium-cli","1258"
"url2png","1254"
"wechaty-puppet-padchat","1253"
"authy-client","1251"
"fh-fhc","1249"
"rets-client","1242"
"pushy","1241"
"softlayer-node","1240"
"botium-core","1238"
"grunt-artifactory-artifact","1238"
"matrix-appservice-bridge","1237"
"shapeshift.io","1236"
"chrome-android-layout","1236"
"website-scraper","1230"
"wundergroundnode","1227"
"plex-api","1225"
"torrent-search-api","1223"
"nem-library","1222"
"qnamaker","1222"
"matrix-appservice","1219"
"camshaft","1217"
"node-red-contrib-tekosbot","1216"
"iamport","1215"
"leetcode-cli","1214"
"clickhouse","1213"
"protractor-cucumber-boilerplate","1213"
"twitter-ads","1205"
"yahoo-finance","1204"
"ironium","1200"
"luis-apis","1198"
"npm5","1198"
"docular","1193"
"alks-node","1192"
"enhancer-data-bridge","1191"
"node-botvac","1191"
"gh","1187"
"magento2-rest-client","1186"
"microgateway-plugins","1179"
"fruster-bus","1177"
"node-gmail-api","1176"
"gitlab-ci-pipeline-queue","1175"
"release-to-github-with-changelog","1175"
"node-github-graphql","1172"
"intcgen","1168"
"node-jre","1162"
"bash-language-server","1160"
"grunt-nwabap-ui5uploader","1159"
"currency-cloud","1157"
"goog-webfont-dl","1156"
"gulp-tinypng","1154"
"local-reverse-geocoder","1151"
"zone-mta","1146"
"routific","1144"
"sfmc","1141"
"dextrose","1135"
"w3c-css","1133"
"saucie","1132"
"node-sass-china","1129"
"codecov-lite","1128"
"wechaty-puppet-puppeteer","1126"
"weexplus","1126"
"jbinary","1125"
"macaca-datahub","1124"
"node-red-contrib-cognitive-services","1117"
"auth0-api-jwt-rsa-validation","1116"
"zcrmsdk","1116"
"jobcan-helper","1115"
"alipay-ftof","1114"
"homebridge-homematic","1113"
"protractor-accessibility-plugin","1112"
"telebot","1110"
"testarmada-magellan-saucelabs-executor","1109"
"harmonyhubjs-client","1107"
"eh-api-client","1104"
"cryptex","1102"
"webid","1102"
"find-rss","1100"
"placemarkerodigo","1099"
"wizzy","1096"
"n-vimeo","1095"
"yealink-i18n","1089"
"bitcore-explorers","1086"
"release-script","1086"
"node-shipping-ups","1085"
"scriptoni","1085"
"digitalocean","1083"
"swiftype-app-search-node","1083"
"weroll","1079"
"lemoncloud-engine-js","1075"
"puppeteer-prerender","1073"
"service-utils","1072"
"seraph","1069"
"ffbinaries","1069"
"eligible-node","1068"
"indico.io","1066"
"kinvey-cli","1064"
"sync-rest-client","1063"
"ha4us","1060"
"phaxio","1058"
"ms-files","1058"
"jpush-sdk","1058"
"robinhood","1057"
"swagger-to-graphql","1055"
"geocodio","1053"
"insight-lite-api-simon","1053"
"html2canvas-proxy","1051"
"woocommerce","1050"
"class2api","1045"
"bkmexpress","1044"
"google-id-token-verifier","1040"
"lyxsus-shipit","1040"
"iobroker.shelly","1039"
"node-testrail","1038"
"node-push","1037"
"amazon-ses-mailer","1036"
"voxa","1032"
"gnat-grpc","1030"
"homeassistant","1028"
"dark-sky","1028"
"elasticio-rest-node","1027"
"lighting-plugin-native","1022"
"node-red-contrib-http-request","1019"
"docular-ng-plugin","1017"
"node-pagerduty","1017"
"panacea-ts","1011"
"azurite","1011"
"gulp-tinypng-compress","1010"
"shout","1009"
"resin-procbots","1008"
"flowdock","1006"
"super-request","1002"
"flagpole","1002"
"openfin-cli","1002"
